Region,Date,Platform,In-App Purchase Revenue ($),Web Shop Revenue ($),Merchandise & Misc ($),Total Daily Revenue ($)
SEA,9/1/2026,Xbox Series X/S,"$81,650.52 ","$23,328.72 ","$11,664.36 ","$116,643.60 "
CN,9/2/2026,PlayStation 5,"$111,696.95 ","$31,913.41 ","$15,956.71 ","$159,567.07 "
KR,9/3/2026,Xbox Series X/S,"$92,801.56 ","$26,514.73 ","$13,257.37 ","$132,573.66 "
KR,9/4/2026,Mobile (iOS/Android),"$93,971.43 ","$26,848.98 ","$13,424.49 ","$134,244.90 "
KR,9/5/2026,PC,"$122,145.35 ","$34,898.67 ","$17,449.34 ","$174,493.36 "
KR,9/6/2026,Xbox Series X/S,"$72,998.60 ","$20,856.74 ","$10,428.37 ","$104,283.71 "
EU,9/7/2026,Mobile (iOS/Android),"$91,781.03 ","$26,223.15 ","$13,111.58 ","$131,115.76 "
GLOBAL,9/8/2026,PlayStation 5,"$117,552.13 ","$33,586.32 ","$16,793.16 ","$167,931.61 "
SEA,9/9/2026,PC,"$98,838.62 ","$28,239.61 ","$14,119.80 ","$141,198.03 "
EU,9/10/2026,Mobile (iOS/Android),"$104,373.39 ","$29,820.97 ","$14,910.48 ","$149,104.84 "
JP,9/11/2026,PC,"$89,269.39 ","$25,505.54 ","$12,752.77 ","$127,527.70 "
KR,9/12/2026,PC,"$88,653.98 ","$25,329.71 ","$12,664.85 ","$126,648.54 "
CN,9/13/2026,Mobile (iOS/Android),"$79,943.68 ","$22,841.05 ","$11,420.53 ","$114,205.26 "
EU,9/14/2026,Mobile (iOS/Android),"$96,409.91 ","$27,545.69 ","$13,772.84 ","$137,728.44 "
KR,9/15/2026,Mobile (iOS/Android),"$59,254.98 ","$16,929.99 ","$8,465.00 ","$84,649.97 "
SEA,9/16/2026,Xbox Series X/S,"$83,078.18 ","$23,736.62 ","$11,868.31 ","$118,683.11 "
EU,9/17/2026,PlayStation 5,"$116,853.75 ","$33,386.79 ","$16,693.39 ","$166,933.93 "
NA,9/18/2026,Mobile (iOS/Android),"$105,535.51 ","$30,153.00 ","$15,076.50 ","$150,765.01 "
JP,9/19/2026,PC,"$112,215.98 ","$32,061.71 ","$16,030.85 ","$160,308.54 "
SEA,9/20/2026,PC,"$540,243.75 ","$154,355.36 ","$77,177.68 ","$771,776.79 "
GLOBAL,9/21/2026,Xbox Series X/S,"$118,362.41 ","$33,817.83 ","$16,908.92 ","$169,089.16 "
CN,9/22/2026,PC,"$85,958.87 ","$24,559.68 ","$12,279.84 ","$122,798.39 "
JP,9/23/2026,PC,"$86,176.96 ","$24,621.99 ","$12,310.99 ","$123,109.94 "
EU,9/24/2026,Xbox Series X/S,"$102,648.26 ","$29,328.07 ","$14,664.04 ","$146,640.37 "
KR,9/25/2026,Xbox Series X/S,"$114,615.59 ","$32,747.31 ","$16,373.66 ","$163,736.56 "
SEA,9/26/2026,Mobile (iOS/Android),"$69,629.97 ","$19,894.28 ","$9,947.14 ","$99,471.39 "
NA,9/27/2026,Mobile (iOS/Android),"$606,438.62 ","$173,268.18 ","$86,634.09 ","$866,340.89 "
JP,9/28/2026,Mobile (iOS/Android),"$87,278.18 ","$24,936.62 ","$12,468.31 ","$124,683.11 "
CN,9/29/2026,PlayStation 5,"$103,743.84 ","$29,641.10 ","$14,820.55 ","$148,205.49 "
KR,9/30/2026,Mobile (iOS/Android),"$125,184.65 ","$35,767.04 ","$17,883.52 ","$178,835.21 "
SEA,10/1/2026,PC,"$75,209.47 ","$21,488.42 ","$10,744.21 ","$107,442.10 "
SEA,10/2/2026,PlayStation 5,"$108,997.08 ","$31,142.02 ","$15,571.01 ","$155,710.11 "
KR,10/3/2026,Mobile (iOS/Android),"$74,193.67 ","$21,198.19 ","$10,599.10 ","$105,990.96 "
KR,10/4/2026,Xbox Series X/S,"$123,745.22 ","$35,355.78 ","$17,677.89 ","$176,778.89 "
KR,10/5/2026,Mobile (iOS/Android),"$97,774.31 ","$27,935.52 ","$13,967.76 ","$139,677.59 "
GLOBAL,10/6/2026,PlayStation 5,"$120,766.50 ","$34,504.72 ","$17,252.36 ","$172,523.58 "
GLOBAL,10/7/2026,PC,"$76,662.81 ","$21,903.66 ","$10,951.83 ","$109,518.30 "
CN,10/8/2026,PC,"$83,599.47 ","$23,885.56 ","$11,942.78 ","$119,427.81 "
GLOBAL,10/9/2026,PlayStation 5,"$85,953.27 ","$24,558.08 ","$12,279.04 ","$122,790.39 "
GLOBAL,10/10/2026,Xbox Series X/S,"$87,835.56 ","$25,095.88 ","$12,547.94 ","$125,479.38 "
GLOBAL,10/11/2026,Mobile (iOS/Android),"$64,705.80 ","$18,487.37 ","$9,243.69 ","$92,436.86 "
GLOBAL,10/12/2026,PlayStation 5,"$104,443.21 ","$29,840.92 ","$14,920.46 ","$149,204.59 "
JP,10/13/2026,Xbox Series X/S,"$100,960.42 ","$28,845.83 ","$14,422.92 ","$144,229.17 "
KR,10/14/2026,Mobile (iOS/Android),"$111,332.49 ","$31,809.28 ","$15,904.64 ","$159,046.41 "
SEA,10/15/2026,Xbox Series X/S,"$100,499.19 ","$28,714.05 ","$14,357.03 ","$143,570.27 "
EU,10/16/2026,Xbox Series X/S,"$90,526.92 ","$25,864.83 ","$12,932.42 ","$129,324.17 "
JP,10/17/2026,Mobile (iOS/Android),"$130,579.06 ","$37,308.30 ","$18,654.15 ","$186,541.51 "
GLOBAL,10/18/2026,Xbox Series X/S,"$96,821.38 ","$27,663.25 ","$13,831.63 ","$138,316.26 "
NA,10/19/2026,PlayStation 5,"$851,844.91 ","$243,384.26 ","$121,692.13 ","$1,216,921.30 "
CN,10/20/2026,Xbox Series X/S,"$123,345.38 ","$35,241.54 ","$17,620.77 ","$176,207.69 "
KR,10/21/2026,PC,"$85,692.09 ","$24,483.45 ","$12,241.73 ","$122,417.27 "
GLOBAL,10/22/2026,PlayStation 5,"$137,548.62 ","$39,299.61 ","$19,649.80 ","$196,498.03 "
GLOBAL,10/23/2026,Mobile (iOS/Android),"$122,083.86 ","$34,881.10 ","$17,440.55 ","$174,405.51 "
GLOBAL,10/24/2026,Xbox Series X/S,"$79,151.85 ","$22,614.81 ","$11,307.41 ","$113,074.07 "
JP,10/25/2026,PC,"$110,457.54 ","$31,559.30 ","$15,779.65 ","$157,796.49 "
CN,10/26/2026,PlayStation 5,"$121,418.28 ","$34,690.94 ","$17,345.47 ","$173,454.69 "
CN,10/27/2026,Xbox Series X/S,"$110,260.35 ","$31,502.96 ","$15,751.48 ","$157,514.79 "
CN,10/28/2026,PC,"$112,275.41 ","$32,078.69 ","$16,039.34 ","$160,393.44 "
EU,10/29/2026,Xbox Series X/S,"$516,116.26 ","$147,461.79 ","$73,730.89 ","$737,308.94 "
JP,10/30/2026,Mobile (iOS/Android),"$89,998.62 ","$25,713.89 ","$12,856.95 ","$128,569.46 "
NA,10/31/2026,PC,"$77,068.44 ","$22,019.56 ","$11,009.78 ","$110,097.78 "
SEA,11/1/2026,PlayStation 5,"$104,468.96 ","$29,848.27 ","$14,924.14 ","$149,241.37 "
GLOBAL,11/2/2026,Xbox Series X/S,"$99,846.85 ","$28,527.67 ","$14,263.84 ","$142,638.36 "
EU,11/3/2026,Mobile (iOS/Android),"$89,171.54 ","$25,477.58 ","$12,738.79 ","$127,387.91 "
NA,11/4/2026,PlayStation 5,"$110,810.51 ","$31,660.14 ","$15,830.07 ","$158,300.72 "
EU,11/5/2026,PC,"$122,370.85 ","$34,963.10 ","$17,481.55 ","$174,815.50 "
GLOBAL,11/6/2026,PC,"$104,901.38 ","$29,971.82 ","$14,985.91 ","$149,859.11 "
GLOBAL,11/7/2026,Xbox Series X/S,"$72,012.95 ","$20,575.13 ","$10,287.56 ","$102,875.64 "
KR,11/8/2026,Mobile (iOS/Android),"$102,393.22 ","$29,255.21 ","$14,627.60 ","$146,276.03 "
CN,11/9/2026,Xbox Series X/S,"$120,547.16 ","$34,442.04 ","$17,221.02 ","$172,210.22 "
SEA,11/10/2026,PC,"$126,956.99 ","$36,273.43 ","$18,136.71 ","$181,367.13 "
JP,11/11/2026,PC,"$97,815.02 ","$27,947.15 ","$13,973.57 ","$139,735.74 "
EU,11/12/2026,Mobile (iOS/Android),"$118,337.36 ","$33,810.68 ","$16,905.34 ","$169,053.38 "
SEA,11/13/2026,PlayStation 5,"$82,315.78 ","$23,518.79 ","$11,759.40 ","$117,593.97 "
JP,11/14/2026,PC,"$114,445.25 ","$32,698.64 ","$16,349.32 ","$163,493.21 "
JP,11/15/2026,PlayStation 5,"$142,357.41 ","$40,673.55 ","$20,336.77 ","$203,367.73 "
NA,11/16/2026,Xbox Series X/S,"$115,816.00 ","$33,090.29 ","$16,545.14 ","$165,451.43 "
GLOBAL,11/17/2026,Xbox Series X/S,"$185,907.36 ","$53,116.39 ","$26,558.19 ","$265,581.94 "
EU,11/18/2026,Xbox Series X/S,"$72,228.30 ","$20,636.66 ","$10,318.33 ","$103,183.29 "
CN,11/19/2026,PC,"$147,007.31 ","$42,002.09 ","$21,001.04 ","$210,010.44 "
EU,11/20/2026,PC,"$108,146.51 ","$30,899.00 ","$15,449.50 ","$154,495.01 "
JP,11/21/2026,Mobile (iOS/Android),"$107,959.05 ","$30,845.44 ","$15,422.72 ","$154,227.21 "
CN,11/22/2026,Xbox Series X/S,"$125,294.23 ","$35,798.35 ","$17,899.18 ","$178,991.76 "
KR,11/23/2026,PC,"$94,270.17 ","$26,934.33 ","$13,467.17 ","$134,671.67 "
EU,11/24/2026,PC,"$97,135.05 ","$27,752.87 ","$13,876.44 ","$138,764.36 "
KR,11/25/2026,Xbox Series X/S,"$77,884.46 ","$22,252.70 ","$11,126.35 ","$111,263.51 "
KR,11/26/2026,Mobile (iOS/Android),"$127,008.41 ","$36,288.12 ","$18,144.06 ","$181,440.59 "
KR,11/27/2026,Mobile (iOS/Android),"$376,508.94 ","$107,573.98 ","$53,786.99 ","$537,869.91 "
NA,11/28/2026,Mobile (iOS/Android),"$115,604.73 ","$33,029.92 ","$16,514.96 ","$165,149.61 "
JP,11/29/2026,Mobile (iOS/Android),"$123,180.86 ","$35,194.53 ","$17,597.27 ","$175,972.66 "
JP,11/30/2026,Xbox Series X/S,"$142,074.54 ","$40,592.73 ","$20,296.36 ","$202,963.63 "
NA,12/1/2026,PC,"$113,504.62 ","$32,429.89 ","$16,214.95 ","$162,149.46 "
SEA,12/2/2026,Xbox Series X/S,"$149,565.28 ","$42,732.94 ","$21,366.47 ","$213,664.69 "
KR,12/3/2026,Mobile (iOS/Android),"$126,681.77 ","$36,194.79 ","$18,097.40 ","$180,973.96 "
NA,12/4/2026,Mobile (iOS/Android),"$114,320.21 ","$32,662.92 ","$16,331.46 ","$163,314.59 "
JP,12/5/2026,Mobile (iOS/Android),"$121,267.32 ","$34,647.80 ","$17,323.90 ","$173,239.02 "
SEA,12/6/2026,Xbox Series X/S,"$99,696.07 ","$28,484.59 ","$14,242.30 ","$142,422.96 "
JP,12/7/2026,Mobile (iOS/Android),"$78,796.55 ","$22,513.30 ","$11,256.65 ","$112,566.50 "
JP,12/8/2026,Xbox Series X/S,"$135,266.74 ","$38,647.64 ","$19,323.82 ","$193,238.20 "
GLOBAL,12/9/2026,Xbox Series X/S,"$74,846.89 ","$21,384.83 ","$10,692.41 ","$106,924.13 "
KR,12/10/2026,Xbox Series X/S,"$692,541.52 ","$197,869.01 ","$98,934.50 ","$989,345.03 "
CN,12/11/2026,Xbox Series X/S,"$92,395.45 ","$26,398.70 ","$13,199.35 ","$131,993.50 "
JP,12/12/2026,PlayStation 5,"$92,082.19 ","$26,309.20 ","$13,154.60 ","$131,545.99 "
NA,12/13/2026,Xbox Series X/S,"$149,337.67 ","$42,667.91 ","$21,333.95 ","$213,339.53 "
GLOBAL,12/14/2026,Xbox Series X/S,"$94,784.91 ","$27,081.40 ","$13,540.70 ","$135,407.01 "
JP,12/15/2026,Mobile (iOS/Android),"$793,717.92 ","$226,776.55 ","$113,388.27 ","$1,133,882.74 "
GLOBAL,12/16/2026,PlayStation 5,"$112,497.33 ","$32,142.09 ","$16,071.05 ","$160,710.47 "
NA,12/17/2026,Xbox Series X/S,"$90,448.90 ","$25,842.54 ","$12,921.27 ","$129,212.71 "
NA,12/18/2026,PC,"$87,591.10 ","$25,026.03 ","$12,513.01 ","$125,130.14 "
CN,12/19/2026,PC,"$93,236.20 ","$26,638.91 ","$13,319.46 ","$133,194.57 "
KR,12/20/2026,Mobile (iOS/Android),"$115,334.96 ","$32,952.85 ","$16,476.42 ","$164,764.23 "
NA,12/21/2026,Xbox Series X/S,"$72,923.49 ","$20,835.28 ","$10,417.64 ","$104,176.41 "
NA,12/22/2026,PlayStation 5,"$96,433.78 ","$27,552.51 ","$13,776.25 ","$137,762.54 "
EU,12/23/2026,Xbox Series X/S,"$110,494.08 ","$31,569.74 ","$15,784.87 ","$157,848.69 "
EU,12/24/2026,PC,"$761,972.00 ","$217,706.29 ","$108,853.14 ","$1,088,531.43 "
KR,12/25/2026,PC,"$122,933.47 ","$35,123.85 ","$17,561.92 ","$175,619.24 "
EU,12/26/2026,PlayStation 5,"$107,036.92 ","$30,581.98 ","$15,290.99 ","$152,909.89 "
NA,12/27/2026,PC,"$117,498.30 ","$33,570.94 ","$16,785.47 ","$167,854.71 "
GLOBAL,12/28/2026,Xbox Series X/S,"$129,320.33 ","$36,948.67 ","$18,474.33 ","$184,743.33 "
GLOBAL,12/29/2026,PlayStation 5,"$121,624.92 ","$34,749.98 ","$17,374.99 ","$173,749.89 "
JP,12/30/2026,Mobile (iOS/Android),"$106,591.90 ","$30,454.83 ","$15,227.41 ","$152,274.14 "
SEA,12/31/2026,PC,"$90,779.60 ","$25,937.03 ","$12,968.51 ","$129,685.14 "
JP,1/1/2027,PlayStation 5,"$113,671.56 ","$32,477.59 ","$16,238.79 ","$162,387.94 "
NA,1/2/2027,Mobile (iOS/Android),"$93,161.78 ","$26,617.65 ","$13,308.83 ","$133,088.26 "
NA,1/3/2027,Xbox Series X/S,"$95,108.20 ","$27,173.77 ","$13,586.89 ","$135,868.86 "
CN,1/4/2027,Xbox Series X/S,"$109,873.05 ","$31,392.30 ","$15,696.15 ","$156,961.50 "
GLOBAL,1/5/2027,Mobile (iOS/Android),"$89,912.67 ","$25,689.33 ","$12,844.67 ","$128,446.67 "
EU,1/6/2027,PlayStation 5,"$100,517.61 ","$28,719.32 ","$14,359.66 ","$143,596.59 "
JP,1/7/2027,PlayStation 5,"$614,491.49 ","$175,569.00 ","$87,784.50 ","$877,844.99 "
JP,1/8/2027,Xbox Series X/S,"$83,946.88 ","$23,984.82 ","$11,992.41 ","$119,924.11 "
NA,1/9/2027,PlayStation 5,"$131,693.90 ","$37,626.83 ","$18,813.41 ","$188,134.14 "
EU,1/10/2027,PC,"$121,188.13 ","$34,625.18 ","$17,312.59 ","$173,125.90 "
GLOBAL,1/11/2027,PC,"$97,792.77 ","$27,940.79 ","$13,970.40 ","$139,703.96 "
KR,1/12/2027,PC,"$114,611.21 ","$32,746.06 ","$16,373.03 ","$163,730.30 "
NA,1/13/2027,PlayStation 5,"$106,462.71 ","$30,417.92 ","$15,208.96 ","$152,089.59 "
NA,1/14/2027,Xbox Series X/S,"$125,653.59 ","$35,901.03 ","$17,950.51 ","$179,505.13 "
KR,1/15/2027,PC,"$152,790.99 ","$43,654.57 ","$21,827.28 ","$218,272.84 "
SEA,1/16/2027,PC,"$113,530.76 ","$32,437.36 ","$16,218.68 ","$162,186.80 "
EU,1/17/2027,PlayStation 5,"$102,670.43 ","$29,334.41 ","$14,667.20 ","$146,672.04 "
JP,1/18/2027,Xbox Series X/S,"$125,502.49 ","$35,857.85 ","$17,928.93 ","$179,289.27 "
JP,1/19/2027,Xbox Series X/S,"$89,058.21 ","$25,445.20 ","$12,722.60 ","$127,226.01 "
CN,1/20/2027,Mobile (iOS/Android),"$553,668.03 ","$158,190.86 ","$79,095.43 ","$790,954.32 "
NA,1/21/2027,Xbox Series X/S,"$73,193.93 ","$20,912.55 ","$10,456.28 ","$104,562.76 "
CN,1/22/2027,PC,"$119,272.85 ","$34,077.96 ","$17,038.98 ","$170,389.79 "
CN,1/23/2027,Xbox Series X/S,"$121,385.78 ","$34,681.65 ","$17,340.83 ","$173,408.26 "
EU,1/24/2027,Mobile (iOS/Android),"$108,172.68 ","$30,906.48 ","$15,453.24 ","$154,532.40 "
NA,1/25/2027,PlayStation 5,"$134,391.53 ","$38,397.58 ","$19,198.79 ","$191,987.90 "
SEA,1/26/2027,PC,"$95,604.01 ","$27,315.43 ","$13,657.72 ","$136,577.16 "
JP,1/27/2027,PlayStation 5,"$129,224.17 ","$36,921.19 ","$18,460.60 ","$184,605.96 "
GLOBAL,1/28/2027,Mobile (iOS/Android),"$440,500.54 ","$125,857.30 ","$62,928.65 ","$629,286.49 "
NA,1/29/2027,Xbox Series X/S,"$109,592.34 ","$31,312.10 ","$15,656.05 ","$156,560.49 "
NA,1/30/2027,Mobile (iOS/Android),"$94,828.11 ","$27,093.75 ","$13,546.87 ","$135,468.73 "
SEA,1/31/2027,PC,"$124,407.20 ","$35,544.91 ","$17,772.46 ","$177,724.57 "
NA,2/1/2027,Mobile (iOS/Android),"$122,069.99 ","$34,877.14 ","$17,438.57 ","$174,385.70 "
GLOBAL,2/2/2027,PlayStation 5,"$86,685.82 ","$24,767.38 ","$12,383.69 ","$123,836.89 "
JP,2/3/2027,Xbox Series X/S,"$90,908.50 ","$25,973.86 ","$12,986.93 ","$129,869.29 "
SEA,2/4/2027,Mobile (iOS/Android),"$31,958.45 ","$9,130.98 ","$4,565.49 ","$45,654.92 "
JP,2/5/2027,Xbox Series X/S,"$99,366.48 ","$28,390.42 ","$14,195.21 ","$141,952.11 "
KR,2/6/2027,PC,"$93,171.57 ","$26,620.45 ","$13,310.22 ","$133,102.24 "
NA,2/7/2027,PC,"$158,324.41 ","$45,235.55 ","$22,617.77 ","$226,177.73 "
CN,2/8/2027,PlayStation 5,"$109,902.78 ","$31,400.79 ","$15,700.40 ","$157,003.97 "
JP,2/9/2027,Mobile (iOS/Android),"$121,855.70 ","$34,815.91 ","$17,407.96 ","$174,079.57 "
SEA,2/10/2027,PlayStation 5,"$110,275.09 ","$31,507.17 ","$15,753.58 ","$157,535.84 "
GLOBAL,2/11/2027,Xbox Series X/S,"$95,470.27 ","$27,277.22 ","$13,638.61 ","$136,386.10 "
EU,2/12/2027,PlayStation 5,"$145,024.05 ","$41,435.44 ","$20,717.72 ","$207,177.21 "
JP,2/13/2027,Xbox Series X/S,"$109,779.65 ","$31,365.61 ","$15,682.81 ","$156,828.07 "
GLOBAL,2/14/2027,Xbox Series X/S,"$73,013.62 ","$20,861.03 ","$10,430.52 ","$104,305.17 "
CN,2/15/2027,Xbox Series X/S,"$130,324.22 ","$37,235.49 ","$18,617.75 ","$186,177.46 "
SEA,2/16/2027,PC,"$154,181.48 ","$44,051.85 ","$22,025.93 ","$220,259.26 "
KR,2/17/2027,Xbox Series X/S,"$81,861.05 ","$23,388.87 ","$11,694.44 ","$116,944.36 "
GLOBAL,2/18/2027,PlayStation 5,"$105,917.76 ","$30,262.22 ","$15,131.11 ","$151,311.09 "
NA,2/19/2027,Mobile (iOS/Android),"$127,547.32 ","$36,442.09 ","$18,221.05 ","$182,210.46 "
NA,2/20/2027,PC,"$483,904.69 ","$138,258.48 ","$69,129.24 ","$691,292.41 "
NA,2/21/2027,PC,"$77,666.33 ","$22,190.38 ","$11,095.19 ","$110,951.90 "
EU,2/22/2027,Mobile (iOS/Android),"$97,132.11 ","$27,752.03 ","$13,876.02 ","$138,760.16 "
JP,2/23/2027,PC,"$87,807.78 ","$25,087.94 ","$12,543.97 ","$125,439.69 "
EU,2/24/2027,PlayStation 5,"$79,252.89 ","$22,643.68 ","$11,321.84 ","$113,218.41 "
GLOBAL,2/25/2027,Mobile (iOS/Android),"$105,874.97 ","$30,249.99 ","$15,125.00 ","$151,249.96 "
GLOBAL,2/26/2027,PlayStation 5,"$93,859.48 ","$26,816.99 ","$13,408.50 ","$134,084.97 "
EU,2/27/2027,Mobile (iOS/Android),"$92,907.82 ","$26,545.09 ","$13,272.55 ","$132,725.46 "
SEA,2/28/2027,Mobile (iOS/Android),"$699,081.86 ","$199,737.67 ","$99,868.84 ","$998,688.37 "
SEA,3/1/2027,PlayStation 5,"$99,770.24 ","$28,505.78 ","$14,252.89 ","$142,528.91 "
EU,3/2/2027,PlayStation 5,"$84,582.36 ","$24,166.39 ","$12,083.19 ","$120,831.94 "
CN,3/3/2027,PlayStation 5,"$106,669.13 ","$30,476.89 ","$15,238.45 ","$152,384.47 "
GLOBAL,3/4/2027,PlayStation 5,"$101,074.99 ","$28,878.57 ","$14,439.28 ","$144,392.84 "
SEA,3/5/2027,Mobile (iOS/Android),"$103,996.39 ","$29,713.25 ","$14,856.63 ","$148,566.27 "
KR,3/6/2027,PC,"$109,582.68 ","$31,309.34 ","$15,654.67 ","$156,546.69 "
CN,3/7/2027,PC,"$124,121.85 ","$35,463.38 ","$17,731.69 ","$177,316.92 "
SEA,3/8/2027,Xbox Series X/S,"$154,860.92 ","$44,245.98 ","$22,122.99 ","$221,229.89 "
GLOBAL,3/9/2027,Xbox Series X/S,"$126,305.19 ","$36,087.20 ","$18,043.60 ","$180,435.99 "
GLOBAL,3/10/2027,PC,"$134,310.37 ","$38,374.39 ","$19,187.20 ","$191,871.96 "
CN,3/11/2027,PC,"$77,497.36 ","$22,142.10 ","$11,071.05 ","$110,710.51 "
GLOBAL,3/12/2027,PC,"$100,668.98 ","$28,762.57 ","$14,381.28 ","$143,812.83 "
EU,3/13/2027,Mobile (iOS/Android),"$57,163.04 ","$16,332.30 ","$8,166.15 ","$81,661.49 "
SEA,3/14/2027,PC,"$106,018.95 ","$30,291.13 ","$15,145.56 ","$151,455.64 "
KR,3/15/2027,Xbox Series X/S,"$87,550.05 ","$25,014.30 ","$12,507.15 ","$125,071.50 "
JP,3/16/2027,Xbox Series X/S,"$92,887.80 ","$26,539.37 ","$13,269.69 ","$132,696.86 "
CN,3/17/2027,Mobile (iOS/Android),"$120,863.22 ","$34,532.35 ","$17,266.17 ","$172,661.74 "
SEA,3/18/2027,PlayStation 5,"$69,942.49 ","$19,983.57 ","$9,991.78 ","$99,917.84 "
EU,3/19/2027,Mobile (iOS/Android),"$116,410.56 ","$33,260.16 ","$16,630.08 ","$166,300.80 "
CN,3/20/2027,Xbox Series X/S,"$70,821.61 ","$20,234.75 ","$10,117.37 ","$101,173.73 "
JP,3/21/2027,Mobile (iOS/Android),"$106,009.78 ","$30,288.51 ","$15,144.25 ","$151,442.54 "
NA,3/22/2027,Mobile (iOS/Android),"$103,612.32 ","$29,603.52 ","$14,801.76 ","$148,017.60 "
GLOBAL,3/23/2027,Mobile (iOS/Android),"$79,568.66 ","$22,733.90 ","$11,366.95 ","$113,669.51 "
JP,3/24/2027,PC,"$126,132.15 ","$36,037.76 ","$18,018.88 ","$180,188.79 "
NA,3/25/2027,PC,"$92,885.27 ","$26,538.65 ","$13,269.32 ","$132,693.24 "
CN,3/26/2027,PlayStation 5,"$53,095.47 ","$15,170.13 ","$7,585.07 ","$75,850.67 "
GLOBAL,3/27/2027,PC,"$88,265.20 ","$25,218.63 ","$12,609.31 ","$126,093.14 "
KR,3/28/2027,Mobile (iOS/Android),"$112,794.06 ","$32,226.88 ","$16,113.44 ","$161,134.38 "
KR,3/29/2027,PlayStation 5,"$642,935.34 ","$183,695.81 ","$91,847.91 ","$918,479.06 "
EU,3/30/2027,Xbox Series X/S,"$102,483.13 ","$29,280.89 ","$14,640.45 ","$146,404.47 "
EU,3/31/2027,Xbox Series X/S,"$107,388.32 ","$30,682.38 ","$15,341.19 ","$153,411.89 "
NA,4/1/2027,PC,"$116,413.15 ","$33,260.90 ","$16,630.45 ","$166,304.50 "
KR,4/2/2027,PC,"$126,733.34 ","$36,209.53 ","$18,104.76 ","$181,047.63 "
GLOBAL,4/3/2027,Mobile (iOS/Android),"$99,747.43 ","$28,499.26 ","$14,249.63 ","$142,496.32 "
CN,4/4/2027,PC,"$132,322.10 ","$37,806.31 ","$18,903.16 ","$189,031.57 "
SEA,4/5/2027,PlayStation 5,"$71,814.71 ","$20,518.49 ","$10,259.24 ","$102,592.44 "
SEA,4/6/2027,Mobile (iOS/Android),"$105,337.12 ","$30,096.32 ","$15,048.16 ","$150,481.60 "
CN,4/7/2027,PlayStation 5,"$73,949.69 ","$21,128.48 ","$10,564.24 ","$105,642.41 "
SEA,4/8/2027,PlayStation 5,"$129,018.83 ","$36,862.52 ","$18,431.26 ","$184,312.61 "
KR,4/9/2027,Mobile (iOS/Android),"$108,819.19 ","$31,091.20 ","$15,545.60 ","$155,455.99 "
GLOBAL,4/10/2027,PC,"$110,212.63 ","$31,489.32 ","$15,744.66 ","$157,446.61 "
SEA,4/11/2027,PC,"$106,502.89 ","$30,429.40 ","$15,214.70 ","$152,146.99 "
CN,4/12/2027,Mobile (iOS/Android),"$94,969.19 ","$27,134.06 ","$13,567.03 ","$135,670.28 "
EU,4/13/2027,PC,"$99,332.63 ","$28,380.75 ","$14,190.38 ","$141,903.76 "
NA,4/14/2027,PC,"$84,445.96 ","$24,127.42 ","$12,063.71 ","$120,637.09 "
KR,4/15/2027,PC,"$123,261.72 ","$35,217.64 ","$17,608.82 ","$176,088.18 "
KR,4/16/2027,Mobile (iOS/Android),"$133,468.40 ","$38,133.83 ","$19,066.91 ","$190,669.14 "
NA,4/17/2027,Xbox Series X/S,"$67,646.87 ","$19,327.68 ","$9,663.84 ","$96,638.39 "
EU,4/18/2027,PlayStation 5,"$136,416.93 ","$38,976.27 ","$19,488.13 ","$194,881.33 "
NA,4/19/2027,Xbox Series X/S,"$1,170,907.11 ","$334,544.89 ","$167,272.44 ","$1,672,724.44 "
KR,4/20/2027,Xbox Series X/S,"$107,713.64 ","$30,775.33 ","$15,387.66 ","$153,876.63 "
KR,4/21/2027,PC,"$109,554.08 ","$31,301.17 ","$15,650.58 ","$156,505.83 "
KR,4/22/2027,PlayStation 5,"$114,284.45 ","$32,652.70 ","$16,326.35 ","$163,263.50 "
EU,4/23/2027,PlayStation 5,"$108,861.55 ","$31,103.30 ","$15,551.65 ","$155,516.50 "
SEA,4/24/2027,PC,"$107,102.00 ","$30,600.57 ","$15,300.29 ","$153,002.86 "
NA,4/25/2027,Mobile (iOS/Android),"$158,312.51 ","$45,232.15 ","$22,616.07 ","$226,160.73 "
GLOBAL,4/26/2027,PC,"$116,003.01 ","$33,143.72 ","$16,571.86 ","$165,718.59 "
KR,4/27/2027,PC,"$122,897.18 ","$35,113.48 ","$17,556.74 ","$175,567.40 "
JP,4/28/2027,PlayStation 5,"$56,264.52 ","$16,075.58 ","$8,037.79 ","$80,377.89 "
JP,4/29/2027,PlayStation 5,"$73,441.93 ","$20,983.41 ","$10,491.70 ","$104,917.04 "
CN,4/30/2027,Mobile (iOS/Android),"$99,524.56 ","$28,435.59 ","$14,217.79 ","$142,177.94 "
SEA,5/1/2027,Xbox Series X/S,"$121,893.22 ","$34,826.63 ","$17,413.32 ","$174,133.17 "
SEA,5/2/2027,PlayStation 5,"$101,698.51 ","$29,056.72 ","$14,528.36 ","$145,283.59 "
KR,5/3/2027,Mobile (iOS/Android),"$83,638.96 ","$23,896.85 ","$11,948.42 ","$119,484.23 "
GLOBAL,5/4/2027,Xbox Series X/S,"$115,850.06 ","$33,100.02 ","$16,550.01 ","$165,500.09 "
KR,5/5/2027,PlayStation 5,"$105,014.68 ","$30,004.19 ","$15,002.10 ","$150,020.97 "
NA,5/6/2027,Mobile (iOS/Android),"$108,323.38 ","$30,949.54 ","$15,474.77 ","$154,747.69 "
CN,5/7/2027,Xbox Series X/S,"$102,588.28 ","$29,310.94 ","$14,655.47 ","$146,554.69 "
NA,5/8/2027,PC,"$108,255.77 ","$30,930.22 ","$15,465.11 ","$154,651.10 "
,,,,,,
,"this dataset is entirely fictional and were generated by gemini.ai, HOWEVER, I HAVE ANOTHER ONE THAT USED A REAL DATA BUT ALAS IT DOESNT CONTAIN 250 ROWS",,,,,
